objeto,clase,z,z_tipo,tier,combo,fase_desde_explosion_dias,fase_pico,obs,roman,P_KN_con_z,P_KN_sin_z,ref
GRB 160821B (Troja+19),KN (sGRB),0.162,spec,wide,RJH,+3.7 obs / +3.2 rest (trigger),—,F606W=26.02±0.06 F110W=24.82±0.05 F160W=24.53±0.08,R=25.62 (lím) J=24.73 H=24.55,1.0,0.995,"Troja+2019, MNRAS 489, 2104 (arXiv:1905.01290), Tabla 1"
GRB 160821B (Troja+19),KN (sGRB),0.162,spec,wide,RJH+RJH (2 épocas),Δt = 6.8 d obs,,,,1.0,1.0,"Troja+2019, MNRAS 489, 2104 (arXiv:1905.01290), Tabla 1"
GRB 160821B (Lamb+19),KN (sGRB),0.162,spec,wide,RJH,+3.7 obs / +3.2 rest (trigger),—,F606W=25.90±0.06 F110W=24.69±0.02 F160W=24.43±0.03,R=25.62 (lím) J=24.60 H=24.45,1.0,0.994,"Lamb+2019, ApJ 883, 48 (arXiv:1905.02159), Tabla 1"
GRB 160821B (Lamb+19),KN (sGRB),0.162,spec,wide,RJH+RJH (2 épocas),Δt = 6.8 d obs,,,,1.0,1.0,"Lamb+2019, ApJ 883, 48 (arXiv:1905.02159), Tabla 1"
AT2017gfo,KN (GW170817),0.0098,spec,wide,RJH,+9.8 obs / +9.8 rest (trigger),—,F625W=22.88±0.07 F110W=20.57±0.04 F160W=19.89±0.04,R=22.83 J=20.26 H=19.87,1.0,1.0,"Cowperthwaite+2017, ApJL 848, L17 (vía Villar+2017)"
AT2025ulz,SN IIb (spec),0.08489,spec,wide,RJH,+8.8–10.4 obs desde el trigger GW (explosión no acotada),—,F606W=21.78±0.02 F110W=21.97±0.03 F160W=22.26±0.04,R=21.65 J=22.11 H=22.27,0.002,0.846,"arXiv:2510.18854 (ApJL), Tabla GTC/HST"
HFF14Tom,SN Ia (spec),1.3457,spec,deep,ZYJ,~25 (estimado: pico − 18 d),+16.7 obs / +7.1 rest del pico,F814W=25.03±0.05 F105W=24.08±0.03 F125W=24.01±0.04,Z=24.69 Y=24.07 J=24.01,0.0,0.994,"Rodney+2015, ApJ 811, 70; fotometría github.com/srodney/snTomas"
CLN12Did,SN Ia (fot.),0.851,spec (host),wide,RJH,≥ +29.7 obs / ≥ +16.0 rest (desde 1ª detección),pico no publicado,F625W=24.182±0.023 V F110W=22.915±0.013 V F160W=23.041±0.041 V,R=24.40 J=23.86 H=24.31,0.0,0.342,"Patel+2014, ApJ 786, 9 (arXiv:1312.0943), Tabla did-phot (Vega→AB)"
CLN12Did,SN Ia (fot.),0.851,spec (host),wide,RJH+RZY (2 épocas),Δt = 12.3 d obs,,,,0.0,0.0,"Patel+2014, ApJ 786, 9 (arXiv:1312.0943), Tabla did-phot (Vega→AB)"
SN H0pe 2b,"SN Ia (spec), lente",1.783,spec,deep,ZYJ,~16 (estimado: pico − 18 d),-4.8 obs / -1.7 rest del pico,F090W=25.53 F115W=24.69 F150W=23.93,Z=25.66 Y=24.99 J=24.30,0.0,0.997,"Pierel+2024, ApJ 967, 50 (arXiv:2403.18954), Tabla im_mags"
SN H0pe 2b,"SN Ia (spec), lente",1.783,spec,deep,ZHF,~16 (estimado: pico − 18 d),-4.8 obs / -1.7 rest del pico,F090W=25.53 F150W=23.93 F200W=24.21,Z=25.70 H=23.96 F=24.16,0.001,1.0,"Pierel+2024, ApJ 967, 50 (arXiv:2403.18954), Tabla im_mags"
SN H0pe 2c,"SN Ia (spec), lente",1.783,spec,deep,ZYJ,~34 (estimado: pico − 18 d),+43.8 obs / +15.7 rest del pico,F090W=28.71 F115W=26.16 F150W=24.95,Z=26.54 (lím) Y=26.83 (lím) J=25.46,0.001,0.998,"Pierel+2024, ApJ 967, 50 (arXiv:2403.18954), Tabla im_mags"
SN H0pe 2c,"SN Ia (spec), lente",1.783,spec,deep,ZHF,~34 (estimado: pico − 18 d),+43.8 obs / +15.7 rest del pico,F090W=28.71 F150W=24.95 F200W=25.25,Z=26.54 (lím) H=24.93 F=25.19,0.061,0.998,"Pierel+2024, ApJ 967, 50 (arXiv:2403.18954), Tabla im_mags"
JADES JD22-16,SN II (fot.),1.77,spec (host),deep,ZYJ,desconocida (1 época de diferencia),desconocida,F090W=26.4 F115W=25.73 F150W=25.27,Z=26.51 Y=25.96 J=25.47,0.0,0.373,"DeCoursey+2025, ApJ 979, 250 (arXiv:2406.05060), tablas PSF JD22/JD23"
JADES JD22-16,SN II (fot.),1.77,spec (host),deep,ZHF,desconocida (1 época de diferencia),desconocida,F090W=26.4 F150W=25.27 F200W=25.15,Z=26.52 H=25.24 F=25.16,0.001,0.975,"DeCoursey+2025, ApJ 979, 250 (arXiv:2406.05060), tablas PSF JD22/JD23"
JADES JD22-17,SN II (fot.),1.0,spec (host),deep,ZYJ,desconocida (1 época de diferencia),desconocida,F090W=27.32 F115W=26.51 F150W=26.13,Z=26.54 (lím) Y=26.77 J=26.27,0.186,0.204,"DeCoursey+2025, ApJ 979, 250 (arXiv:2406.05060), tablas PSF JD22/JD23"
JADES JD22-17,SN II (fot.),1.0,spec (host),deep,ZHF,desconocida (1 época de diferencia),desconocida,F090W=27.32 F150W=26.13 F200W=26.17,Z=26.54 (lím) H=26.12 F=26.15,0.386,0.346,"DeCoursey+2025, ApJ 979, 250 (arXiv:2406.05060), tablas PSF JD22/JD23"
JADES JD22-1,SN Ia (fot.),1.69,spec (host),deep,ZYJ,desconocida (1 época de diferencia),desconocida,F090W=27.31 F115W=26.46 F150W=26.48,Z=26.54 (lím) Y=26.70 J=26.37,0.0,0.087,"DeCoursey+2025, ApJ 979, 250 (arXiv:2406.05060), tablas PSF JD22/JD23"
JADES JD22-1,SN Ia (fot.),1.69,spec (host),deep,ZHF,desconocida (1 época de diferencia),desconocida,F090W=27.31 F150W=26.48 F200W=26.74,Z=26.54 (lím) H=26.52 F=26.68,0.0,0.11,"DeCoursey+2025, ApJ 979, 250 (arXiv:2406.05060), tablas PSF JD22/JD23"
JADES JD22-3,SN II (fot.),0.665,spec (host),deep,ZYJ,desconocida (1 época de diferencia),desconocida,F090W=27.47 F115W=26.83 F150W=26.53,Z=26.54 (lím) Y=26.83 (lím) J=26.64,0.677,0.26,"DeCoursey+2025, ApJ 979, 250 (arXiv:2406.05060), tablas PSF JD22/JD23"
JADES JD22-3,SN II (fot.),0.665,spec (host),deep,ZHF,desconocida (1 época de diferencia),desconocida,F090W=27.47 F150W=26.53 F200W=26.49,Z=26.54 (lím) H=26.51 F=26.49,0.644,0.1,"DeCoursey+2025, ApJ 979, 250 (arXiv:2406.05060), tablas PSF JD22/JD23"
JADES JD22-2,SN Ia (fot.),1.79,spec (host),deep,ZYJ,desconocida (1 época de diferencia),desconocida,F090W=27.94 F115W=26.93 F150W=26.67,Z=26.54 (lím) Y=26.83 (lím) J=26.72,0.0,0.224,"DeCoursey+2025, ApJ 979, 250 (arXiv:2406.05060), tablas PSF JD22/JD23"
JADES JD22-2,SN Ia (fot.),1.79,spec (host),deep,ZHF,desconocida (1 época de diferencia),desconocida,F090W=27.94 F150W=26.67 F200W=26.6,Z=26.54 (lím) H=26.64 F=26.60,0.0,0.072,"DeCoursey+2025, ApJ 979, 250 (arXiv:2406.05060), tablas PSF JD22/JD23"
JADES JD23-14,SN II (fot.),0.657,spec (host),deep,ZYJ,desconocida (1 época de diferencia),desconocida,F090W=30.15 F115W=28.12 F150W=26.53,sin detección en Roman,,,"DeCoursey+2025, ApJ 979, 250 (arXiv:2406.05060), tablas PSF JD22/JD23"
JADES JD23-14,SN II (fot.),0.657,spec (host),deep,ZHF,desconocida (1 época de diferencia),desconocida,F090W=30.15 F150W=26.53 F200W=25.91,Z=26.54 (lím) H=26.37 F=26.01,0.87,0.231,"DeCoursey+2025, ApJ 979, 250 (arXiv:2406.05060), tablas PSF JD22/JD23"
JADES JD23-24,SN II (fot.),1.01,spec (host),deep,ZYJ,desconocida (1 época de diferencia),desconocida,F090W=27.21 F115W=26.8 F150W=26.45,Z=26.54 (lím) Y=26.83 (lím) J=26.61,0.179,0.276,"DeCoursey+2025, ApJ 979, 250 (arXiv:2406.05060), tablas PSF JD22/JD23"
JADES JD23-24,SN II (fot.),1.01,spec (host),deep,ZHF,desconocida (1 época de diferencia),desconocida,F090W=27.21 F150W=26.45 F200W=26.57,Z=26.54 (lím) H=26.46 F=26.54,0.11,0.117,"DeCoursey+2025, ApJ 979, 250 (arXiv:2406.05060), tablas PSF JD22/JD23"
