ti,source,file_first,stored_first,perdido_inicio,file_last,stored_last,perdido_final,file_min,recortado_por_trim
701,pycoco_ASASSN14jb,-9.1,-9.0,0.09999999999999964,189.62,189.0,0.6200000000000045,-9.1,0.0
702,pycoco_ASASSN15oz,-6.4,-6.0,0.40000000000000036,192.12,192.0,0.12000000000000455,-6.4,0.0
703,pycoco_iPTF13bvn,-18.24,-18.0,0.23999999999999844,180.97,180.0,0.9699999999999989,-18.24,0.0
705,pycoco_SN1994I,-11.95,-11.0,0.9499999999999993,30.26,30.0,0.26000000000000156,-11.95,0.0
707,pycoco_SN1999dn,-14.7,-14.0,0.6999999999999993,184.15,184.0,0.15000000000000568,-14.7,0.0
708,pycoco_SN1999em,-6.6,-6.0,0.5999999999999996,191.62,191.0,0.6200000000000045,-6.6,0.0
710,pycoco_SN2004aw,-11.95,-11.0,0.9499999999999993,187.45,187.0,0.44999999999998863,-11.95,0.0
711,pycoco_SN2004et,-14.5,-14.0,0.5,243.5,243.0,0.5,-14.5,0.0
712,pycoco_SN2004fe,-13.01,-13.0,0.009999999999999787,140.85,140.0,0.8499999999999943,-13.01,0.0
713,pycoco_SN2004gq,-15.85,-15.0,0.8499999999999996,154.77,154.0,0.7700000000000102,-15.85,0.0
714,pycoco_SN2004gt,-19.85,-19.0,0.8500000000000014,178.29,178.0,0.28999999999999204,-19.85,0.0
715,pycoco_SN2004gv,-17.75,-17.0,0.75,59.3,59.0,0.29999999999999716,-17.75,0.0
716,pycoco_SN2005bf,-42.65,-42.0,0.6499999999999986,95.73,95.0,0.730000000000004,-42.65,0.0
717,pycoco_SN2005cs,-5.0,-5.0,0.0,193.37,193.0,0.37000000000000455,-5.0,0.0
718,pycoco_SN2005hg,-19.12,-19.0,0.120000000000001,155.25,155.0,0.25,-19.95,0.8299999999999983
721,pycoco_SN2006ep,-14.65,-14.0,0.6500000000000004,184.8,184.0,0.8000000000000114,-14.65,0.0
723,pycoco_SN2007gr,-16.68,-16.0,0.6799999999999997,182.05,182.0,0.05000000000001137,-16.68,0.0
724,pycoco_SN2007od,-7.98,-7.0,0.9800000000000004,190.58,190.0,0.5800000000000125,-7.98,0.0
727,pycoco_SN2007uy,-18.25,-18.0,0.25,180.1,180.0,0.09999999999999432,-18.25,0.0
728,pycoco_SN2007Y,-19.57,-19.0,0.5700000000000003,65.71,65.0,0.7099999999999937,-19.57,0.0
731,pycoco_SN2008bj,-15.95,-15.0,0.9499999999999993,182.25,182.0,0.25,-15.95,0.0
733,pycoco_SN2008D,-19.4,-19.0,0.3999999999999986,180.16,180.0,0.1599999999999966,-19.4,0.0
735,pycoco_SN2008in,-6.68,-6.0,0.6799999999999997,192.33,192.0,0.3300000000000125,-6.68,0.0
737,pycoco_SN2009bw,-6.02,-6.0,0.019999999999999574,190.05,190.0,0.05000000000001137,-6.02,0.0
738,pycoco_SN2009dd,-11.0,-11.0,0.0,221.0,221.0,0.0,-11.0,0.0
739,pycoco_SN2009ib,-14.76,-14.0,0.7599999999999998,162.95,162.0,0.9499999999999886,-14.76,0.0
741,pycoco_SN2009iz,-25.17,-25.0,0.1700000000000017,173.49,173.0,0.4900000000000091,-26.0,0.8299999999999983
742,pycoco_SN2009jf,-20.92,-20.0,0.9200000000000017,245.18,245.0,0.18000000000000682,-21.75,0.8299999999999983
743,pycoco_SN2009kr,-10.56,-10.0,0.5600000000000005,77.56,77.0,0.5600000000000023,-10.56,0.0
744,pycoco_SN2009N,-10.91,-10.0,0.9100000000000001,122.42,122.0,0.4200000000000017,-10.91,0.0
746,pycoco_SN2011bm,-30.61,-30.0,0.6099999999999994,165.57,165.0,0.5699999999999932,-32.55,1.9399999999999977
752,pycoco_SN2012A,-13.0,-13.0,0.0,55.66,55.0,0.6599999999999966,-13.0,0.0
754,pycoco_SN2012au,-16.92,-16.0,0.9200000000000017,183.03,183.0,0.030000000000001137,-16.92,0.0
755,pycoco_SN2012aw,-9.85,-9.0,0.8499999999999996,190.0,190.0,0.0,-9.85,0.0
756,pycoco_SN2013ab,-6.53,-6.0,0.5300000000000002,192.9,192.0,0.9000000000000057,-6.53,0.0
757,pycoco_SN2013am,-9.7,-9.0,0.6999999999999993,272.08,272.0,0.07999999999998408,-9.7,0.0
758,pycoco_SN2013by,-9.28,-9.0,0.27999999999999936,190.1,190.0,0.09999999999999432,-9.28,0.0
760,pycoco_SN2013ej,-12.35,-12.0,0.34999999999999964,186.6,186.0,0.5999999999999943,-12.35,0.0
761,pycoco_SN2013fs,-7.28,-7.0,0.28000000000000025,125.29,125.0,0.29000000000000625,-7.28,0.0
762,pycoco_SN2013ge,-16.75,-16.0,0.75,85.79,85.0,0.7900000000000063,-16.75,0.0
763,pycoco_SN2014G,-12.8,-12.0,0.8000000000000007,186.06,186.0,0.060000000000002274,-12.8,0.0
764,pycoco_SN2016bkv,-7.51,-7.0,0.5099999999999998,191.29,191.0,0.28999999999999204,-7.51,0.0
766,pycoco_SN2016X,-10.3,-10.0,0.3000000000000007,188.2,188.0,0.19999999999998863,-10.3,0.0
767,pycoco_SN1987A,-78.95,-78.0,0.9500000000000028,120.98,120.0,0.980000000000004,-78.95,0.0
