ti,subtype,source,minphase,maxphase,span,C,n_obj,n_test,cubierto,ph0_p5
760,SN IIL,SN2013ej,-12.0,186.0,198.0,-4.900142046978305,26,14,100.0,-10.290245763256536
763,SN IIL,SN2014G,-12.0,186.0,198.0,-9.45938955646968,34,29,48.275862068965516,-12.46060105458687
738,SN IIL,SN2009dd,-11.0,221.0,232.0,-7.578430840633868,10,3,66.66666666666666,-10.234477274874415
743,SN IIL,SN2009kr,-10.0,77.0,87.0,-7.228641144673579,15,7,14.285714285714285,-10.34297451237441
758,SN IIL,SN2013by,-9.0,190.0,199.0,-7.107643551483848,32,22,31.818181818181817,-9.155342727430043
724,SN IIL,SN2007od,-7.0,190.0,197.0,-2.965589632378493,29,24,16.666666666666664,-7.9660958020791215
702,SN IIL,ASASSN15oz,-6.0,192.0,198.0,-3.095184659439701,28,28,0.0,-6.29343339384109
767,SN IIP,SN1987A,-78.0,120.0,198.0,16.10252871103532,27,20,45.0,-34.008028597405946
731,SN IIP,SN2008bj,-15.0,182.0,197.0,-12.67425607377483,73,65,35.38461538461539,-15.93275087081468
711,SN IIP,SN2004et,-14.0,243.0,257.0,-12.226791832604338,76,58,55.172413793103445,-14.460236598247809
739,SN IIP,SN2009ib,-14.0,162.0,176.0,-12.22332209547049,31,14,78.57142857142857,-14.27962634373154
752,SN IIP,SN2012A,-13.0,55.0,68.0,-9.58324372979094,34,21,100.0,-9.765593063880523
744,SN IIP,SN2009N,-10.0,122.0,132.0,-8.446082774917777,19,10,100.0,-0.5278192445764601
766,SN IIP,SN2016X,-10.0,188.0,198.0,-5.297718031035799,73,44,65.9090909090909,-10.213925346507157
701,SN IIP,ASASSN14jb,-9.0,189.0,198.0,-5.006211415289306,46,26,92.3076923076923,-8.59442971408833
755,SN IIP,SN2012aw,-9.0,190.0,199.0,-5.901808452291176,65,50,56.00000000000001,-9.736973706132806
757,SN IIP,SN2013am,-9.0,272.0,281.0,-7.685663253147872,30,18,77.77777777777779,-9.545603875386343
761,SN IIP,SN2013fs,-7.0,125.0,132.0,-4.016017177044431,79,69,23.18840579710145,-7.176668820862486
764,SN IIP,SN2016bkv,-7.0,191.0,198.0,,0,0,,
708,SN IIP,SN1999em,-6.0,191.0,197.0,-5.732116366936426,39,31,32.25806451612903,-6.490876705848634
735,SN IIP,SN2008in,-6.0,192.0,198.0,-2.5536334723036402,53,42,57.14285714285714,-6.561122213563118
737,SN IIP,SN2009bw,-6.0,190.0,196.0,-1.0055761668751897,61,38,65.78947368421053,-5.869498743642016
756,SN IIP,SN2013ab,-6.0,192.0,198.0,-2.3396785011100993,79,52,61.53846153846154,-6.489052705362903
717,SN IIP,SN2005cs,-5.0,193.0,198.0,-4.1290628145539525,10,7,85.71428571428571,6.796408163049465
716,SN Ib,SN2005bf,-42.0,95.0,137.0,-0.9755049883213243,23,14,35.714285714285715,-37.6059846490839
741,SN Ib,SN2009iz,-25.0,173.0,198.0,0.02621793713553975,22,9,100.0,-19.441769060685857
742,SN Ib,SN2009jf,-20.0,245.0,265.0,-0.0161029071607945,25,15,100.0,-18.677934655168215
718,SN Ib,SN2005hg,-19.0,155.0,174.0,0.1066651864655821,15,7,100.0,-15.346731926756355
728,SN Ib,SN2007Y,-19.0,65.0,84.0,-2.3360158976712047,13,6,100.0,-13.782408996286373
733,SN Ib,SN2008D,-19.0,180.0,199.0,4.158320487336756,16,11,72.72727272727273,-19.11165383801448
703,SN Ib,iPTF13bvn,-18.0,180.0,198.0,-2.862246565621591,16,8,87.5,-17.024103803308908
727,SN Ib,SN2007uy,-18.0,180.0,198.0,-1.982787896152004,21,7,100.0,-11.667963756886072
715,SN Ib,SN2004gv,-17.0,59.0,76.0,0.0178977532077602,22,15,86.66666666666667,-17.477529991352775
754,SN Ib,SN2012au,-16.0,183.0,199.0,-1.9850757085363175,20,13,100.0,-14.942300032627115
713,SN Ib,SN2004gq,-15.0,154.0,169.0,0.06262639018437441,22,17,100.0,-12.401751759704856
707,SN Ib,SN1999dn,-14.0,184.0,198.0,0.02350561319177695,19,14,85.71428571428571,-14.266283817195593
721,SN Ib,SN2006ep,-14.0,184.0,198.0,-1.933025053470617,21,8,100.0,-11.562540134158535
746,SN Ic,SN2011bm,-30.0,165.0,195.0,2.0291018953760265,40,27,44.44444444444444,-31.55682024342647
714,SN Ic,SN2004gt,-19.0,178.0,197.0,0.0235405031513415,51,27,100.0,-17.59180895514281
723,SN Ic,SN2007gr,-16.0,182.0,198.0,0.0923418576575318,35,18,100.0,-13.500915556737532
762,SN Ic,SN2013ge,-16.0,85.0,101.0,0.020307202378574148,42,19,100.0,-14.446729246005727
712,SN Ic,SN2004fe,-13.0,140.0,153.0,-1.9499574556819503,35,17,100.0,-12.843751157145881
705,SN Ic,SN1994I,-11.0,30.0,41.0,1.2886868764806265,40,23,95.65217391304348,-9.855722396722015
710,SN Ic,SN2004aw,-11.0,187.0,198.0,-0.0138613065270298,29,19,100.0,-9.418389536837887
