family,source,label,n,C_edge,delta_zp,delta_spread,C,minphase,maxphase,ceil_loss,residual
701,pycoco_ASASSN14jb,SN IIP,30,-5.25358777708138,0.35,0.15,-4.9035877770813805,-9.100000381469727,188.89999389648438,0.10000038146972656,0.001519474452710945
702,pycoco_ASASSN15oz,SN IIL,30,-3.260909066544541,0.15,0.2,-3.110909066544541,-6.400000095367432,191.60000610351562,0.40000009536743164,0.0017045512182463085
703,pycoco_iPTF13bvn,SN Ib,30,-3.1021292356414154,0.2,0.2,-2.9021292356414152,-18.239999771118164,180.75999450683594,0.23999977111816406,0.00150438373539874
705,pycoco_SN1994I,SN Ic,30,1.0784438575745963,0.2,0.2,1.2784438575745962,-11.949999809265137,30.049999237060547,0.9499998092651367,0.002109099260853675
707,pycoco_SN1999dn,SN Ib,30,-0.22990368358216529,0.2,0.2,-0.029903683582165275,-14.699999809265137,183.3000030517578,0.6999998092651367,0.0017068306498826402
708,pycoco_SN1999em,SN IIP,30,-5.976645435345588,-0.4,0.2,-6.376645435345588,-6.599999904632568,191.39999389648438,0.5999999046325684,0.011715118238559974
710,pycoco_SN2004aw,SN Ic,30,-0.18470665036735578,0.2,0.2,0.015293349632644226,-11.949999809265137,187.0500030517578,0.9499998092651367,0.0016658509735627547
711,pycoco_SN2004et,SN IIP,30,-12.45324948975266,0.25,0.2,-12.20324948975266,-14.5,243.5,0.5,0.0015438183036673436
712,pycoco_SN2004fe,SN Ic,30,-2.1940327173410665,0.2,0.2,-1.9940327173410666,-13.010000228881836,139.99000549316406,0.010000228881835938,0.00214581590101659
713,pycoco_SN2004gq,SN Ib,30,-0.15182624023971591,0.2,0.2,0.048173759760284096,-15.850000381469727,154.14999389648438,0.8500003814697266,0.0024346390727529865
714,pycoco_SN2004gt,SN Ic,30,-0.20903995979400847,0.2,0.2,-0.009039959794008456,-19.850000381469727,178.14999389648438,0.8500003814697266,0.002451591328691549
715,pycoco_SN2004gv,SN Ib,30,-0.15943958806675695,0.2,0.2,0.04056041193324306,-17.75,59.25,0.75,0.003022953699945319
716,pycoco_SN2005bf,SN Ib,30,-1.2183388460143618,0.15,0.2,-1.068338846014362,-42.650001525878906,95.3499984741211,0.6500015258789062,0.0019995862388331176
717,pycoco_SN2005cs,SN IIP,30,-4.36425554586597,1.25,0.15,-3.11425554586597,-5.0,193.0,0.0,0.005885970178943545
718,pycoco_SN2005hg,SN Ib,30,0.6368846885414623,-0.65,-0.65,-0.013115311458537726,-19.1200008392334,154.8800048828125,0.12000083923339844,0.00219738993599794
721,pycoco_SN2006ep,SN Ib,30,-2.1352234295035455,0.2,0.2,-1.9352234295035455,-14.649999618530273,184.35000610351562,0.6499996185302734,0.0021931980987917044
723,pycoco_SN2007gr,SN Ic,30,-0.20222115151087294,0.2,0.2,-0.002221151510872932,-16.68000030517578,181.32000732421875,0.6800003051757812,0.0018558765467533433
724,pycoco_SN2007od,SN IIL,30,-3.1868281444455486,0.2,0.2,-2.9868281444455484,-7.980000019073486,190.02000427246094,0.9800000190734863,0.001167197066274106
727,pycoco_SN2007uy,SN Ib,30,-2.192404645901199,0.2,0.2,-1.992404645901199,-18.25,179.75,0.25,0.0027136017979030314
728,pycoco_SN2007Y,SN Ib,30,-2.491052649847717,0.15,0.2,-2.341052649847717,-19.56999969482422,65.43000030517578,0.5699996948242188,0.0036029768617158453
731,pycoco_SN2008bj,SN IIP,30,-12.82504283019226,0.2,0.15,-12.62504283019226,-15.949999809265137,182.0500030517578,0.9499998092651367,0.0007153762167773081
733,pycoco_SN2008D,SN Ib,30,3.8167520750756125,0.15,0.2,3.9667520750756124,-19.399999618530273,179.60000610351562,0.39999961853027344,0.002092422518674475
735,pycoco_SN2008in,SN IIP,30,-2.714130909320817,0.1,0.2,-2.6141309093208167,-6.679999828338623,192.32000732421875,0.679999828338623,0.005257067323397813
737,pycoco_SN2009bw,SN IIP,30,-1.220212724547125,0.2,0.2,-1.020212724547125,-6.019999980926514,189.97999572753906,0.019999980926513672,0.001391278052153666
738,pycoco_SN2009dd,SN IIL,30,-7.874730414632477,0.25,0.25,-7.624730414632477,-11.0,221.0,0.0,0.0007574411381323642
739,pycoco_SN2009ib,SN IIP,30,-12.45772601659992,0.2,0.2,-12.257726016599921,-14.760000228881836,162.24000549316406,0.7600002288818359,0.001246574874944173
741,pycoco_SN2009iz,SN Ib,30,0.6301516343505913,-0.65,-0.65,-0.019848365649408728,-25.170000076293945,172.8300018310547,0.1700000762939453,0.0013782609734489526
742,pycoco_SN2009jf,SN Ib,30,0.6051510499586463,-0.65,-0.6,-0.0448489500413537,-20.920000076293945,245.0800018310547,0.9200000762939453,0.0025460738164291286
743,pycoco_SN2009kr,SN IIL,30,-7.437696487831258,0.15,0.25,-7.287696487831258,-10.5600004196167,77.44000244140625,0.5600004196166992,0.0016648368891587495
744,pycoco_SN2009N,SN IIP,30,-8.61595154909537,0.15,0.2,-8.46595154909537,-10.90999984741211,122.08999633789062,0.9099998474121094,0.001856805494431235
746,pycoco_SN2011bm,SN Ic,30,3.725139027514949,-1.5,-1.5,2.225139027514949,-30.610000610351562,165.38999938964844,0.6100006103515625,0.024391268728850335
752,pycoco_SN2012A,SN IIP,30,-9.768974636197356,0.15,0.2,-9.618974636197356,-13.0,55.0,0.0,0.003288718424087733
754,pycoco_SN2012au,SN Ib,30,-2.185326738554041,0.2,0.2,-1.985326738554041,-16.920000076293945,182.0800018310547,0.9200000762939453,0.0019100644185519045
755,pycoco_SN2012aw,SN IIP,30,-6.1196732389115684,0.2,0.2,-5.919673238911568,-9.850000381469727,189.14999389648438,0.8500003814697266,0.0012488330179190044
756,pycoco_SN2013ab,SN IIP,30,-2.573482308417473,0.15,0.2,-2.4234823084174733,-6.53000020980835,192.47000122070312,0.5300002098083496,0.0037059231135652126
757,pycoco_SN2013am,SN IIP,30,-7.905297172151209,-0.15,0.25,-8.055297172151208,-9.699999809265137,271.29998779296875,0.6999998092651367,0.004911605331435531
758,pycoco_SN2013by,SN IIL,30,-7.343831051953586,0.15,0.05,-7.193831051953586,-9.279999732971191,189.72000122070312,0.2799997329711914,0.0007060464389176957
760,pycoco_SN2013ej,SN IIL,30,-5.0922511563520345,0.2,0.2,-4.892251156352034,-12.350000381469727,185.64999389648438,0.35000038146972656,0.002312911784227545
761,pycoco_SN2013fs,SN IIP,30,-4.273280983009095,0.15,0.2,-4.123280983009095,-7.28000020980835,124.72000122070312,0.2800002098083496,0.0019836092943501527
762,pycoco_SN2013ge,SN Ic,30,-0.14869371077410953,0.2,0.2,0.05130628922589048,-16.75,85.25,0.75,0.001833518910091314
763,pycoco_SN2014G,SN IIL,30,-9.652236482658337,0.15,0.2,-9.502236482658336,-12.800000190734863,185.1999969482422,0.8000001907348633,0.0008020407732720614
764,pycoco_SN2016bkv,SN IIP,30,-1.6972081069231715,0.45,0.25,-1.2472081069231715,-7.510000228881836,190.49000549316406,0.5100002288818359,0.005578276315748809
766,pycoco_SN2016X,SN IIP,30,-5.497999512967932,0.2,0.25,-5.297999512967932,-10.300000190734863,187.6999969482422,0.3000001907348633,0.0015263572773607237
767,pycoco_SN1987A,SN IIP,30,-29.164090704503078,-0.6,-0.4,-29.76409070450308,-78.94999694824219,120.05000305175781,0.9499969482421875,1.0732308010241365
