source,n,C,peak_B,peak_V,peak_R062,peak_Y106,minphase
ou-ASASSN14jb,43,-5.006211415289306,-0.75,49.5,71.0,56.0,-9.0
ou-SN1987A,14,16.10252871103532,-1.75,2.25,3.75,16.0,-78.0
ou-SN1994I,34,1.2886868764806265,-1.25,0.25,1.0,3.5,-11.0
ou-SN1999dn,16,0.02350561319177695,-5.5,-0.25,0.0,0.0,-14.0
ou-SN1999em,18,-5.732116366936426,-2.25,0.0,11.25,45.75,-6.0
ou-SN2004aw,23,-0.0138613065270298,-3.0,0.0,5.25,0.75,-11.0
ou-SN2004et,30,-12.226791832604338,-2.25,2.25,5.25,66.75,-14.0
ou-SN2004fe,31,-1.9499574556819503,-2.0,0.5,1.0,3.5,-13.0
ou-SN2004gq,22,0.06262639018437441,-0.75,0.5,1.25,1.0,-15.0
ou-SN2004gt,47,0.0235405031513415,-1.75,0.0,1.75,0.5,-19.0
ou-SN2004gv,20,0.0178977532077602,-2.0,0.0,1.75,-0.25,-17.0
ou-SN2005bf,14,-0.9755049883213243,-3.0,-2.75,0.0,5.0,-42.0
ou-SN2005cs,10,-4.1290628145539525,-0.5,0.25,79.25,80.75,-5.0
ou-SN2005hg,15,0.1066651864655821,-1.75,-0.25,2.0,0.5,-19.0
ou-SN2006ep,21,-1.933025053470617,-2.25,0.0,1.75,2.25,-14.0
ou-SN2007Y,13,-2.3360158976712047,-2.25,-0.25,0.0,0.0,-19.0
ou-SN2007gr,35,0.0923418576575318,-3.0,0.25,2.25,5.0,-16.0
ou-SN2007uy,21,-1.982787896152004,-2.0,2.0,2.25,2.25,-18.0
ou-SN2008D,9,4.158320487336756,0.0,-0.25,0.25,4.0,-19.0
ou-SN2008bj,18,-12.67425607377483,0.0,5.25,7.75,16.75,-15.0
ou-SN2008in,28,-2.5536334723036402,-0.25,0.25,0.25,17.0,-6.0
ou-SN2009N,19,-8.446082774917777,-3.25,1.25,47.5,33.0,-10.0
ou-SN2009bw,46,-1.0055761668751897,-0.25,2.25,2.25,-0.5,-6.0
ou-SN2009dd,9,-7.578430840633868,0.0,7.0,9.0,58.5,-11.0
ou-SN2009ib,28,-12.22332209547049,-3.75,-1.75,0.0,25.75,-14.0
ou-SN2009iz,22,0.02621793713553975,-2.0,0.25,4.0,2.0,-25.0
ou-SN2009jf,23,-0.0161029071607945,-2.75,0.75,2.75,4.25,-20.0
ou-SN2009kr,9,-7.228641144673579,-4.5,-1.5,0.25,9.25,-10.0
ou-SN2011bm,23,2.0291018953760265,-5.0,2.0,4.25,9.75,-30.0
ou-SN2012A,34,-9.58324372979094,-3.5,0.0,4.75,27.0,-13.0
ou-SN2012au,17,-1.9850757085363175,-2.0,-1.5,0.25,0.0,-16.0
ou-SN2012aw,33,-5.901808452291176,-1.0,6.0,13.5,61.0,-9.0
ou-SN2013ab,54,-2.3396785011100993,-1.25,0.0,1.75,74.0,-6.0
ou-SN2013am,26,-7.685663253147872,-6.75,12.0,5.0,73.0,-9.0
ou-SN2013by,14,-7.107643551483848,-3.75,0.25,0.25,0.25,-9.0
ou-SN2013ej,25,-4.900142046978305,-2.75,0.25,8.0,4.0,-12.0
ou-SN2013fs,21,-4.016017177044431,-0.5,0.5,2.0,62.5,-7.0
ou-SN2013ge,36,0.020307202378574148,-4.25,2.0,2.25,5.25,-16.0
ou-SN2016X,55,-5.297718031035799,-2.0,0.5,2.0,48.25,-10.0
ou-iPTF13bvn,15,-2.862246565621591,-3.25,0.25,0.25,3.0,-18.0
