family,source,label,C,C_edge,delta,minphase,maxphase,objects,residual_mag,spread_mag,origin
701,pycoco_ASASSN14jb,SN IIP,-4.9036,-5.2536,0.35,-9.1,188.9,30,0.0015,0.0266,barrido +-1.5 d
702,pycoco_ASASSN15oz,SN IIL,-3.1109,-3.2609,0.15,-6.4,191.6,28,0.0017,0.0276,barrido +-1.5 d
703,pycoco_iPTF13bvn,SN Ib,-2.9021,-3.1021,0.2,-18.24,180.76,30,0.0015,0.0202,barrido +-1.5 d
705,pycoco_SN1994I,SN Ic,1.2784,1.0784,0.2,-11.95,30.05,30,0.0021,0.0334,barrido +-1.5 d
707,pycoco_SN1999dn,SN Ib,-0.0299,-0.2299,0.2,-14.7,183.3,30,0.0017,0.0154,barrido +-1.5 d
708,pycoco_SN1999em,SN IIP,-6.3766,-5.9766,-0.4,-6.6,191.4,16,0.0117,0.0744,barrido +-1.5 d
710,pycoco_SN2004aw,SN Ic,0.0153,-0.1847,0.2,-11.95,187.05,30,0.0017,0.0137,barrido +-1.5 d
711,pycoco_SN2004et,SN IIP,-12.2032,-12.4532,0.25,-14.5,243.5,30,0.0015,0.0131,barrido +-1.5 d
712,pycoco_SN2004fe,SN Ic,-1.994,-2.194,0.2,-13.01,139.99,29,0.0021,0.0166,barrido +-1.5 d
713,pycoco_SN2004gq,SN Ib,0.0482,-0.1518,0.2,-15.85,154.15,29,0.0024,0.0125,barrido +-1.5 d
714,pycoco_SN2004gt,SN Ic,-0.009,-0.209,0.2,-19.85,178.15,30,0.0025,0.0081,barrido +-1.5 d
715,pycoco_SN2004gv,SN Ib,0.0406,-0.1594,0.2,-17.75,59.25,30,0.003,0.01,barrido +-1.5 d
716,pycoco_SN2005bf,SN Ib,-1.0683,-1.2183,0.15,-42.65,95.35,30,0.002,0.0133,barrido +-1.5 d
717,pycoco_SN2005cs,SN IIP,-3.1143,-4.3643,1.25,-5.0,193.0,30,0.0059,0.0537,barrido +-1.5 d
718,pycoco_SN2005hg,SN Ib,-0.0131,0.6369,-0.65,-19.12,154.88,30,0.0022,0.0124,barrido +-1.5 d
721,pycoco_SN2006ep,SN Ib,-1.9352,-2.1352,0.2,-14.65,184.35,30,0.0022,0.0079,barrido +-1.5 d
723,pycoco_SN2007gr,SN Ic,-0.0022,-0.2022,0.2,-16.68,181.32,30,0.0019,0.0156,barrido +-1.5 d
724,pycoco_SN2007od,SN IIL,-2.9868,-3.1868,0.2,-7.98,190.02,30,0.0012,0.0217,barrido +-1.5 d
727,pycoco_SN2007uy,SN Ib,-1.9924,-2.1924,0.2,-18.25,179.75,30,0.0027,0.0178,barrido +-1.5 d
728,pycoco_SN2007Y,SN Ib,-2.3411,-2.4911,0.15,-19.57,65.43,30,0.0036,0.0184,barrido +-1.5 d
731,pycoco_SN2008bj,SN IIP,-12.625,-12.825,0.2,-15.95,182.05,30,0.0007,0.0384,barrido +-1.5 d
733,pycoco_SN2008D,SN Ib,3.9668,3.8168,0.15,-19.4,179.6,30,0.0021,0.0289,barrido +-1.5 d
735,pycoco_SN2008in,SN IIP,-2.6141,-2.7141,0.1,-6.68,192.32,26,0.0053,0.0306,barrido +-1.5 d
737,pycoco_SN2009bw,SN IIP,-1.0202,-1.2202,0.2,-6.02,189.98,30,0.0014,0.0199,barrido +-1.5 d
738,pycoco_SN2009dd,SN IIL,-7.6247,-7.8747,0.25,-11.0,221.0,30,0.0008,0.0151,barrido +-1.5 d
739,pycoco_SN2009ib,SN IIP,-12.2577,-12.4577,0.2,-14.76,162.24,30,0.0012,0.0075,barrido +-1.5 d
741,pycoco_SN2009iz,SN Ib,-0.0198,0.6302,-0.65,-25.17,172.83,30,0.0014,0.0092,barrido +-1.5 d
742,pycoco_SN2009jf,SN Ib,-0.0448,0.6052,-0.65,-20.92,245.08,30,0.0025,0.0153,barrido +-1.5 d
743,pycoco_SN2009kr,SN IIL,-7.2877,-7.4377,0.15,-10.56,77.44,30,0.0017,0.012,barrido +-1.5 d
744,pycoco_SN2009N,SN IIP,-8.466,-8.616,0.15,-10.91,122.09,30,0.0019,0.0154,barrido +-1.5 d
746,pycoco_SN2011bm,SN Ic,2.0251,3.7251,-1.7,-30.61,165.39,27,0.0029,0.0084,barrido propio
752,pycoco_SN2012A,SN IIP,-9.619,-9.769,0.15,-13.0,55.0,30,0.0033,0.022,barrido +-1.5 d
754,pycoco_SN2012au,SN Ib,-1.9853,-2.1853,0.2,-16.92,182.08,30,0.0019,0.0091,barrido +-1.5 d
755,pycoco_SN2012aw,SN IIP,-5.9197,-6.1197,0.2,-9.85,189.15,30,0.0012,0.0241,barrido +-1.5 d
756,pycoco_SN2013ab,SN IIP,-2.4235,-2.5735,0.15,-6.53,192.47,30,0.0037,0.0263,barrido +-1.5 d
757,pycoco_SN2013am,SN IIP,-8.0553,-7.9053,-0.15,-9.7,271.3,24,0.0049,0.0437,barrido +-1.5 d
758,pycoco_SN2013by,SN IIL,-7.1938,-7.3438,0.15,-9.28,189.72,27,0.0007,0.1379,barrido +-1.5 d
760,pycoco_SN2013ej,SN IIL,-4.8923,-5.0923,0.2,-12.35,185.65,30,0.0023,0.0225,barrido +-1.5 d
761,pycoco_SN2013fs,SN IIP,-4.1233,-4.2733,0.15,-7.28,124.72,28,0.002,0.0809,barrido +-1.5 d
762,pycoco_SN2013ge,SN Ic,0.0513,-0.1487,0.2,-16.75,85.25,30,0.0018,0.0209,barrido +-1.5 d
763,pycoco_SN2014G,SN IIL,-9.5022,-9.6522,0.15,-12.8,185.2,30,0.0008,0.0243,barrido +-1.5 d
764,pycoco_SN2016bkv,SN IIP,-1.2472,-1.6972,0.45,-7.51,190.49,30,0.0056,0.0372,barrido +-1.5 d
766,pycoco_SN2016X,SN IIP,-5.298,-5.498,0.2,-10.3,187.7,30,0.0015,0.0237,barrido +-1.5 d
767,pycoco_SN1987A,SN IIP,15.9859,-29.1641,45.15,-78.95,120.05,30,0.0014,0.011,barrido propio
SLSN-I,SLSN-I,SLSN-I,-10.882,-11.082,0.2,-49.0,215.0,27,0.0127,0.1746,barrido +-1.5 d
SN Ia,salt3-nir-ou,SN Ia,0.027,-0.223,0.25,-20.0,50.0,40,0.0063,0.0686,barrido +-1.5 d
SN Iax,SN Iax,SN Iax,1.0188,0.8188,0.2,-25.0,200.0,40,0.0026,0.0207,barrido +-1.5 d
TDE,TDE,TDE,-1.9431,-2.2931,0.35,-12.0,154.0,40,0.0044,0.0963,barrido +-1.5 d
