tier,epochs,has_redshift,anchor_phase_days,median,percentile_16,percentile_84,minimum,maximum
deep,1,False,1.43,0.9998076558113098,0.9998036313056946,0.9998118185997009,0.9997913241386414,0.999815046787262
deep,1,False,1.53,0.9998065233230591,0.9998024296760559,0.9998106360435486,0.9997896552085876,0.999813973903656
deep,1,False,1.63,0.9998054504394531,0.999801127910614,0.9998095631599426,0.9997881054878235,0.9998130202293396
deep,1,False,1.73,0.9998043179512024,0.9997999358177185,0.9998084902763367,0.9997866749763489,0.9998119473457336
deep,1,False,1.83,0.9998031258583069,0.9997987341880799,0.9998074078559875,0.9997853636741638,0.9998108744621277
deep,1,False,1.93,0.999801754951477,0.9997973227500916,0.9998062062263489,0.9997840523719788,0.9998096823692322
deep,1,False,2.03,0.9998002052307129,0.9997955536842347,0.9998050141334534,0.9997828602790833,0.9998086094856262
deep,1,False,2.13,0.999798595905304,0.9997937655448914,0.9998038220405578,0.9997813105583191,0.9998075366020203
deep,1,False,2.23,0.9997970461845398,0.9997922062873841,0.9998025298118591,0.9997801184654236,0.9998065829277039
deep,1,False,2.33,0.9997960925102234,0.999791214466095,0.9998015666007996,0.9997795224189758,0.9998058676719666
deep,1,False,2.43,0.9997953176498413,0.9997902703285217,0.9998009419441223,0.9997790455818176,0.9998053908348083
deep,1,False,2.53,0.9997937679290771,0.9997887301445008,0.9997993731498718,0.999777615070343,0.9998039603233337
deep,1,False,2.63,0.9997922778129578,0.9997872996330261,0.9997979331016541,0.9997761845588684,0.9998025298118591
deep,1,False,2.73,0.9997909069061279,0.9997859883308411,0.9997963833808899,0.9997748732566833,0.9998010993003845
deep,1,False,2.83,0.9997894763946533,0.999784677028656,0.9997950530052185,0.9997735619544983,0.9997997879981995
deep,1,False,2.93,0.9997881650924683,0.999783365726471,0.9997937321662903,0.9997723698616028,0.999798595905304
deep,1,False,3.03,0.999786913394928,0.9997822833061218,0.9997925305366516,0.9997710585594177,0.9997974038124084
deep,1,False,3.13,0.999785840511322,0.9997812104225159,0.9997915577888489,0.9997698664665222,0.999796450138092
deep,1,False,3.23,0.9997850060462952,0.9997802472114563,0.9997904038429261,0.9997686743736267,0.9997956156730652
deep,1,False,3.33,0.9997841715812683,0.9997791838645935,0.999789469242096,0.9997676014900208,0.9997947812080383
deep,1,False,3.43,0.9997833967208862,0.9997780108451844,0.9997885346412658,0.9997667670249939,0.999794065952301
deep,1,False,3.53,0.9997824430465698,0.9997769284248352,0.9997875905036926,0.9997656941413879,0.9997931122779846
deep,1,False,3.63,0.9997815489768982,0.999776074886322,0.9997866559028625,0.9997647404670715,0.9997923970222473
deep,1,False,3.73,0.9997807741165161,0.9997751212120056,0.9997857213020325,0.9997637867927551,0.99979168176651
deep,1,False,3.83,0.999779999256134,0.9997741866111756,0.9997849869728088,0.9997629523277283,0.9997909665107727
deep,1,False,3.93,0.9997792840003967,0.9997733616828919,0.999784152507782,0.999762237071991,0.999790370464325
deep,1,False,4.03,0.999778687953949,0.9997725367546082,0.9997833371162415,0.9997614026069641,0.9997897744178772
deep,1,False,4.13,0.9997780919075012,0.9997717118263245,0.9997828412055969,0.9997608065605164,0.999789297580719
deep,1,False,4.23,0.9997775554656982,0.9997709965705872,0.999782235622406,0.999760091304779,0.9997889399528503
deep,1,False,4.33,0.99977707862854,0.999770290851593,0.9997817397117614,0.9997594952583313,0.9997887015342712
deep,1,False,4.43,0.9997755885124207,0.9997687411308288,0.9997803092002868,0.9997579455375671,0.9997875094413757
deep,1,False,4.53,0.9997719526290894,0.9997649359703064,0.9997767329216003,0.9997537732124329,0.9997840523719788
deep,1,False,4.63,0.9997682571411133,0.9997610020637512,0.9997731566429138,0.9997493624687195,0.9997805953025818
deep,1,False,4.73,0.9997644424438477,0.9997570586204528,0.9997694706916809,0.9997450709342957,0.9997770190238953
deep,1,False,4.83,0.9997605681419373,0.9997530055046081,0.9997657752037048,0.9997405409812927,0.9997734427452087
deep,1,False,4.93,0.9997565746307373,0.9997488331794738,0.9997619605064392,0.9997358918190002,0.9997697472572327
deep,1,False,5.03,0.9997524619102478,0.99974454164505,0.999758026599884,0.9997311234474182,0.9997660517692566
deep,1,False,5.13,0.9997482895851135,0.9997401309013366,0.9997539830207824,0.9997262358665466,0.999762237071991
deep,1,False,5.23,0.9997438788414001,0.9997357106208802,0.9997498202323913,0.999721348285675,0.9997583031654358
deep,1,False,5.33,0.9997394680976868,0.9997311806678773,0.9997455382347107,0.9997162222862244,0.9997542500495911
deep,1,True,1.43,0.9999377131462097,0.9999364709854126,0.9999389553070068,0.9999334812164307,0.999940037727356
deep,1,True,1.53,0.9999375343322754,0.9999363422393799,0.9999388360977173,0.9999333620071411,0.9999397993087769
deep,1,True,1.63,0.9999374151229858,0.9999362230300903,0.9999387073516846,0.999933123588562,0.9999396800994873
deep,1,True,1.73,0.9999372959136963,0.9999361038208008,0.999938588142395,0.999933123588562,0.9999396800994873
deep,1,True,1.83,0.9999371767044067,0.9999361038208008,0.9999385786056518,0.9999330043792725,0.9999396800994873
deep,1,True,1.93,0.9999372959136963,0.9999361038208008,0.9999385786056518,0.999933123588562,0.9999396800994873
deep,1,True,2.03,0.9999374151229858,0.999936113357544,0.999938588142395,0.9999332427978516,0.9999397993087769
deep,1,True,2.13,0.9999375343322754,0.9999362325668335,0.9999387168884277,0.9999333620071411,0.9999399185180664
deep,1,True,2.23,0.9999377727508545,0.9999364614486694,0.9999389553070068,0.9999336004257202,0.9999401569366455
deep,1,True,2.33,0.9999380111694336,0.9999366998672485,0.9999391937255859,0.9999339580535889,0.9999403953552246
deep,1,True,2.43,0.9999382495880127,0.9999369478225708,0.999939432144165,0.9999343156814575,0.9999406337738037
deep,1,True,2.53,0.9999381303787231,0.9999367094039917,0.9999392032623291,0.999934196472168,0.9999405145645142
deep,1,True,2.63,0.9999380111694336,0.9999365901947022,0.99993896484375,0.9999339580535889,0.9999403953552246
deep,1,True,2.73,0.999937891960144,0.9999363613128662,0.9999389553070068,0.9999338388442993,0.9999403953552246
deep,1,True,2.83,0.9999377727508545,0.9999362421035767,0.9999388360977173,0.9999337196350098,0.9999402761459351
deep,1,True,2.93,0.9999376535415649,0.9999361228942871,0.9999387168884277,0.9999337196350098,0.9999402761459351
deep,1,True,3.03,0.9999375343322754,0.9999360036849976,0.9999385976791382,0.9999336004257202,0.9999402761459351
deep,1,True,3.13,0.9999375343322754,0.9999358940124512,0.999938588142395,0.9999336004257202,0.9999403953552246
deep,1,True,3.23,0.9999374747276306,0.999935884475708,0.999938588142395,0.9999336004257202,0.9999403953552246
deep,1,True,3.33,0.9999374747276306,0.9999359941482544,0.999938588142395,0.9999336004257202,0.9999405145645142
deep,1,True,3.43,0.9999374747276306,0.9999359941482544,0.9999385976791382,0.9999337196350098,0.9999406337738037
deep,1,True,3.53,0.9999374151229858,0.9999359941482544,0.9999384784698486,0.9999336004257202,0.9999406337738037
deep,1,True,3.63,0.9999373555183411,0.9999359846115112,0.9999384880065918,0.9999336004257202,0.9999406337738037
deep,1,True,3.73,0.9999373555183411,0.9999359846115112,0.9999384880065918,0.9999336004257202,0.9999407529830933
deep,1,True,3.83,0.9999373555183411,0.9999358749389649,0.9999384880065918,0.9999336004257202,0.9999408721923828
deep,1,True,3.93,0.9999374151229858,0.9999358749389649,0.9999386072158813,0.9999336004257202,0.9999409914016724
deep,1,True,4.03,0.9999374151229858,0.9999358749389649,0.9999386072158813,0.9999336004257202,0.9999411106109619
deep,1,True,4.13,0.9999375343322754,0.9999359941482544,0.9999387264251709,0.9999337196350098,0.9999412298202515
deep,1,True,4.23,0.9999376535415649,0.999936113357544,0.9999388456344604,0.9999337196350098,0.999941349029541
deep,1,True,4.33,0.9999377727508545,0.9999362230300903,0.9999390745162964,0.9999338388442993,0.9999415874481201
deep,1,True,4.43,0.9999375343322754,0.9999359941482544,0.9999388456344604,0.9999336004257202,0.9999414682388306
deep,1,True,4.53,0.999936580657959,0.9999350309371948,0.9999380111694336,0.9999325275421143,0.9999406337738037
deep,1,True,4.63,0.9999356269836426,0.999933967590332,0.9999370574951172,0.9999314546585083,0.9999397993087769
deep,1,True,4.73,0.9999346733093262,0.9999328947067261,0.9999361038208008,0.9999302625656128,0.99993896484375
deep,1,True,4.83,0.999933660030365,0.9999318218231201,0.9999351406097412,0.9999290704727173,0.9999380111694336
deep,1,True,4.93,0.9999326467514038,0.9999307489395142,0.9999340772628784,0.9999278783798218,0.9999370574951172
deep,1,True,5.03,0.9999315738677979,0.9999295663833618,0.9999331140518188,0.9999266862869263,0.9999361038208008
deep,1,True,5.13,0.9999303817749023,0.9999283742904663,0.9999320411682129,0.9999254941940308,0.9999351501464844
deep,1,True,5.23,0.9999293088912964,0.9999271821975708,0.9999309682846069,0.9999241828918457,0.999934196472168
deep,1,True,5.33,0.9999281167984009,0.9999259805679321,0.9999297857284546,0.9999228715896606,0.999933123588562
deep,2,False,1.43,0.9991610646247864,0.9991019678115844,0.9991947913169861,0.9990348815917969,0.9992387294769287
deep,2,False,1.53,0.999198317527771,0.9991397714614868,0.9992321443557739,0.9990719556808472,0.9992758631706238
deep,2,False,1.63,0.9992351531982422,0.9991772532463074,0.9992685627937317,0.9991090893745422,0.9993122816085815
deep,2,False,1.73,0.9992715120315552,0.9992142391204833,0.9993043756484985,0.9991459846496582,0.9993477463722229
deep,2,False,1.83,0.9993071556091309,0.999250967502594,0.9993395924568176,0.9991827607154846,0.9993818998336792
deep,2,False,1.93,0.9993422627449036,0.9992872643470764,0.9993741631507873,0.9992191791534424,0.9994145631790161
deep,2,False,2.03,0.9993765950202942,0.9993231344223023,0.9994073820114135,0.9992554783821106,0.999445378780365
deep,2,False,2.13,0.9994093179702759,0.9993581748008729,0.9994386124610901,0.9992914199829102,0.999473512172699
deep,2,False,2.23,0.999439537525177,0.9993921613693237,0.9994665932655334,0.9993271827697754,0.9994980096817017
deep,2,False,2.33,0.9994649887084961,0.9994239902496338,0.9994887447357178,0.9993621706962585,0.9995170831680298
deep,2,False,2.43,0.9994762539863586,0.9994427943229676,0.9994991350173951,0.9993859529495239,0.999525785446167
deep,2,False,2.53,0.9994732141494751,0.9994421410560608,0.9994962549209595,0.9993888139724731,0.999523401260376
deep,2,False,2.63,0.9994690418243408,0.9994411158561707,0.9994931030273437,0.9993917942047119,0.9995214939117432
deep,2,False,2.73,0.9994648694992065,0.9994372582435608,0.9994903755187988,0.9993941783905029,0.9995204210281372
deep,2,False,2.83,0.9994614720344543,0.9994327282905578,0.9994889402389526,0.9993951320648193,0.9995208978652954
deep,2,False,2.93,0.9994582533836365,0.9994269466400146,0.9994886827468872,0.9993942975997925,0.9995228052139282
deep,2,False,3.03,0.9994571208953857,0.9994225215911865,0.9994894981384277,0.9993917942047119,0.9995255470275879
deep,2,False,3.13,0.9994571208953857,0.9994190073013306,0.9994913482666016,0.9993882179260254,0.9995290040969849
deep,2,False,3.23,0.9994584321975708,0.9994174337387085,0.9994936847686767,0.9993834495544434,0.9995325803756714
deep,2,False,3.33,0.9994609951972961,0.9994166564941406,0.9994965171813965,0.9993778467178345,0.9995362758636475
deep,2,False,3.43,0.9994824528694153,0.9994355511665344,0.9995170974731445,0.9993880987167358,0.9995564818382263
deep,2,False,3.53,0.9995455741882324,0.9994989919662476,0.9995813584327697,0.999442994594574,0.999618649482727
deep,2,False,3.63,0.9996087551116943,0.9995601868629456,0.9996478223800659,0.999503493309021,0.9996815919876099
deep,2,False,3.73,0.9996743202209473,0.9996203231811523,0.9997072625160217,0.9995637536048889,0.9997298121452332
deep,2,False,3.83,0.9997272491455078,0.9996841096878052,0.9997513556480407,0.9996225833892822,0.9997692704200745
deep,2,False,3.93,0.9997684955596924,0.9997374892234803,0.999788339138031,0.9996837377548218,0.9998061060905457
deep,2,False,4.03,0.9998047351837158,0.9997779870033264,0.9998217272758484,0.9997404217720032,0.9998378753662109
deep,2,False,4.13,0.9998362064361572,0.9998127770423889,0.9998507833480835,0.9997832179069519,0.9998652935028076
deep,2,False,4.23,0.9998632669448853,0.9998428678512573,0.9998757076263428,0.9998175501823425,0.999889612197876
deep,2,False,4.33,0.9998871088027954,0.9998688840866089,0.9998989915847778,0.9998470544815063,0.9999227523803711
deep,2,False,4.43,0.9999215602874756,0.9998953533172608,0.9999303722381592,0.9998756647109985,0.99993896484375
deep,2,False,4.53,0.9999420642852783,0.9999315309524536,0.9999481153488159,0.999915599822998,0.9999563694000244
deep,2,False,4.63,0.9999585151672363,0.9999485874176025,0.999962797164917,0.99993896484375,0.9999673366546631
deep,2,False,4.73,0.9999686479568481,0.999963173866272,0.9999717378616333,0.9999561309814453,0.9999752044677734
deep,2,False,4.83,0.9999761581420898,0.9999722242355347,0.9999783039093018,0.999967098236084,0.9999808073043823
deep,2,False,4.93,0.9999815225601196,0.99997878074646,0.9999830722808838,0.9999752044677734,0.9999849796295166
deep,2,False,5.03,0.9999854564666748,0.9999833106994629,0.9999865198135376,0.9999806880950928,0.9999878406524658
deep,2,False,5.13,0.9999881386756897,0.9999865388870239,0.9999889135360718,0.9999847412109375,0.9999898672103882
deep,2,False,5.23,0.9999902248382568,0.9999890422821045,0.999990701675415,0.9999877214431763,0.9999914169311523
deep,2,False,5.33,0.9999915361404419,0.9999908208847046,0.9999918842315674,0.9999897480010986,0.9999923706054688
deep,2,True,1.43,0.9998501539230347,0.9998394823074341,0.9998567438125611,0.999825656414032,0.9998641014099121
deep,2,True,1.53,0.9998580813407898,0.9998475694656372,0.9998646116256714,0.9998338222503662,0.9998719692230225
deep,2,True,1.63,0.9998659491539001,0.9998555564880371,0.9998724794387818,0.9998420476913452,0.9998797178268433
deep,2,True,1.73,0.9998736381530762,0.9998635339736939,0.999880108833313,0.9998500347137451,0.999887228012085
deep,2,True,1.83,0.9998812675476074,0.999871392250061,0.9998876285552979,0.9998581409454346,0.9998946189880371
deep,2,True,1.93,0.9998887777328491,0.9998790216445923,0.9998950099945069,0.9998661279678345,0.9999017715454102
deep,2,True,2.03,0.9998960494995117,0.9998866415023804,0.9999021720886231,0.9998741149902344,0.999908447265625
deep,2,True,2.13,0.9999030828475952,0.9998940229415894,0.9999086856842041,0.9998819828033447,0.9999158382415771
deep,2,True,2.23,0.999909520149231,0.9999011754989624,0.999914288520813,0.9998894929885864,0.9999232292175293
deep,2,True,2.33,0.9999162554740906,0.9999078512191772,0.9999213218688965,0.9998966455459595,0.9999285936355591
deep,2,True,2.43,0.9999216198921204,0.9999125957489013,0.9999263191223144,0.9999022483825684,0.9999326467514038
deep,2,True,2.53,0.9999232292175293,0.9999146604537964,0.9999278688430786,0.999903678894043,0.999934196472168
deep,2,True,2.63,0.999924898147583,0.9999170970916748,0.9999295377731323,0.9999048709869385,0.9999353885650635
deep,2,True,2.73,0.9999266266822815,0.9999192237854004,0.9999309682846069,0.9999061822891235,0.9999363422393799
deep,2,True,2.83,0.9999279379844666,0.9999210214614869,0.9999325275421143,0.9999078512191772,0.9999374151229858
deep,2,True,2.93,0.9999292492866516,0.9999228715896606,0.9999338388442993,0.9999096393585205,0.9999386072158813
deep,2,True,3.03,0.9999305009841919,0.9999240827560425,0.9999352312088012,0.9999115467071533,0.9999396800994873
deep,2,True,3.13,0.9999318718910217,0.9999253940582276,0.9999361848831176,0.9999133348464966,0.9999408721923828
deep,2,True,3.23,0.9999330043792725,0.9999266958236694,0.9999373769760131,0.9999147653579712,0.9999423027038574
deep,2,True,3.33,0.9999341368675232,0.9999278783798218,0.9999385690689087,0.9999159574508667,0.9999433755874634
deep,2,True,3.43,0.9999375939369202,0.9999313354492188,0.9999417972564697,0.9999210834503174,0.9999464750289917
deep,2,True,3.53,0.999945878982544,0.9999394893646241,0.9999497938156128,0.999933123588562,0.9999547004699707
deep,2,True,3.63,0.9999533891677856,0.9999475145339966,0.9999570751190185,0.9999409914016724,0.9999618530273438
deep,2,True,3.73,0.9999605417251587,0.9999552345275879,0.9999636316299438,0.9999490976333618,0.9999676942825317
deep,2,True,3.83,0.999966561794281,0.9999623394012451,0.9999692440032959,0.9999569654464722,0.9999731779098511
deep,2,True,3.93,0.9999721646308899,0.9999680709838867,0.999974479675293,0.9999634027481079,0.9999786615371704
deep,2,True,4.03,0.9999772906303406,0.9999732351303101,0.999979248046875,0.9999690055847168,0.9999822378158569
deep,2,True,4.13,0.9999814033508301,0.9999782133102417,0.9999830722808838,0.9999744892120361,0.9999847412109375
deep,2,True,4.23,0.9999841451644897,0.9999822568893433,0.9999849796295166,0.9999796152114868,0.9999864101409912
deep,2,True,4.33,0.9999860525131226,0.9999846410751343,0.9999868869781494,0.9999829530715942,0.9999884366989136
deep,2,True,4.43,0.9999882578849792,0.9999865484237671,0.9999891519546509,0.9999850988388062,0.9999904632568359
deep,2,True,4.53,0.999990701675415,0.9999891710281372,0.9999914169311523,0.9999876022338867,0.9999924898147583
deep,2,True,4.63,0.9999926090240479,0.9999914264678955,0.9999932050704956,0.9999901056289673,0.9999940395355225
deep,2,True,4.73,0.999994158744812,0.9999932146072388,0.9999945163726807,0.9999921321868896,0.9999955892562866
deep,2,True,4.83,0.9999954700469971,0.9999945259094238,0.9999959468841553,0.9999936819076538,0.9999964237213135
deep,2,True,4.93,0.9999964237213135,0.9999959564208984,0.999996542930603,0.9999949932098389,0.9999969005584717
deep,2,True,5.03,0.9999969005584717,0.9999965524673462,0.9999970197677612,0.9999961853027344,0.9999972581863403
deep,2,True,5.13,0.9999972581863403,0.9999970197677612,0.9999973773956299,0.9999967813491821,0.9999974966049194
deep,2,True,5.23,0.9999974966049194,0.9999973773956299,0.999997615814209,0.9999971389770508,0.9999977350234985
deep,2,True,5.33,0.9999977350234985,0.999997615814209,0.9999978542327881,0.9999973773956299,0.9999979734420776
wide,1,False,1.43,0.9997265934944153,0.9997186160087586,0.9997333216667176,0.9996993541717529,0.9997405409812927
wide,1,False,1.53,0.9997227191925049,0.9997148013114929,0.9997305512428284,0.9996962547302246,0.9997381567955017
wide,1,False,1.63,0.999718964099884,0.9997118210792542,0.9997276902198792,0.9996936321258545,0.9997358918190002
wide,1,False,1.73,0.9997161030769348,0.9997096753120422,0.9997248578071595,0.9996914863586426,0.9997333884239197
wide,1,False,1.83,0.999714195728302,0.9997078061103821,0.9997223019599915,0.999690055847168,0.99973064661026
wide,1,False,1.93,0.9997129440307617,0.9997065234184265,0.9997214674949646,0.9996892213821411,0.999728262424469
wide,1,False,2.03,0.9997124671936035,0.9997055888175964,0.999721281528473,0.9996887445449829,0.9997283816337585
wide,1,False,2.13,0.9997134208679199,0.9997050404548645,0.999722707271576,0.9996882677078247,0.9997299313545227
wide,1,False,2.23,0.9997150897979736,0.9997068619728089,0.9997242760658264,0.9996883869171143,0.9997311234474182
wide,1,False,2.33,0.9997169375419617,0.9997089600563049,0.9997257256507873,0.9996901750564575,0.9997325539588928
wide,1,False,2.43,0.9997186660766602,0.9997107672691345,0.9997274136543274,0.9996929168701172,0.9997343420982361
wide,1,False,2.53,0.9997192025184631,0.999711344242096,0.9997278094291687,0.9996936321258545,0.9997350573539734
wide,1,False,2.63,0.9997197985649109,0.9997121691703796,0.9997283339500427,0.9996943473815918,0.9997361302375793
wide,1,False,2.73,0.9997209906578064,0.9997126650810242,0.9997290873527527,0.9996954202651978,0.9997374415397644
wide,1,False,2.83,0.999722421169281,0.9997135186195374,0.9997301506996155,0.9996968507766724,0.9997391104698181
wide,1,False,2.93,0.9997240900993347,0.9997146105766297,0.9997312331199646,0.9996985197067261,0.9997410178184509
wide,1,False,3.03,0.9997258186340332,0.9997160506248474,0.9997333312034606,0.9997004270553589,0.9997431635856628
wide,1,False,3.13,0.9997280240058899,0.9997177481651306,0.9997357583045959,0.9997028708457947,0.9997456669807434
wide,1,False,3.23,0.9997305274009705,0.9997197937965393,0.9997381138801574,0.9997056126594543,0.9997485280036926
wide,1,False,3.33,0.9997333288192749,0.999722306728363,0.9997408556938171,0.9997089505195618,0.9997517466545105
wide,1,False,3.43,0.9997364282608032,0.9997256255149841,0.9997438740730286,0.9997124075889587,0.9997552037239075
wide,1,False,3.53,0.9997395277023315,0.999730088710785,0.999747121334076,0.9997157454490662,0.9997590184211731
wide,1,False,3.63,0.9997428059577942,0.9997335076332092,0.9997505164146423,0.9997192025184631,0.9997656941413879
wide,1,False,3.73,0.9997478127479553,0.999737823009491,0.9997569727897644,0.999723494052887,0.9997715353965759
wide,1,False,3.83,0.9997537136077881,0.9997443747520447,0.9997623372077942,0.9997299313545227,0.9997761845588684
wide,1,False,3.93,0.9997588992118835,0.9997483229637146,0.9997672152519226,0.999735414981842,0.9997807145118713
wide,1,False,4.03,0.9997639060020447,0.9997524333000183,0.9997722125053405,0.9997400641441345,0.9997856020927429
wide,1,False,4.13,0.999768853187561,0.9997590851783752,0.9997767424583435,0.9997449517250061,0.9997912049293518
wide,1,False,4.23,0.9997734427452087,0.9997646498680115,0.9997817492485046,0.9997501969337463,0.9997974038124084
wide,1,False,4.33,0.9997784495353699,0.9997695279121399,0.9997872424125671,0.9997555613517761,0.9998043179512024
wide,1,False,4.43,0.9997808337211609,0.9997715353965759,0.9997899842262268,0.9997575879096985,0.9998075366020203
wide,1,False,4.53,0.9997760057449341,0.9997666668891907,0.9997849774360656,0.9997519850730896,0.9998018145561218
wide,1,False,4.63,0.9997711181640625,0.9997616696357727,0.9997800898551941,0.9997460246086121,0.9997962117195129
wide,1,False,4.73,0.9997663497924805,0.9997563147544861,0.9997753024101257,0.9997395873069763,0.9997908473014832
wide,1,False,4.83,0.999761164188385,0.9997503733634949,0.9997702956199646,0.9997327923774719,0.999785840511322
wide,1,False,4.93,0.9997557401657104,0.9997440552711487,0.999765179157257,0.9997257590293884,0.9997807145118713
wide,1,False,5.03,0.9997497200965881,0.9997373795509339,0.9997599244117736,0.9997184872627258,0.9997757077217102
wide,1,False,5.13,0.9997433423995972,0.9997304558753968,0.9997542023658752,0.9997108578681946,0.99977046251297
wide,1,False,5.23,0.9997366070747375,0.999723174571991,0.9997480034828186,0.9997028708457947,0.9997652173042297
wide,1,False,5.33,0.9997296929359436,0.9997155547142029,0.9997413277626037,0.9996947050094604,0.9997597336769104
wide,1,True,1.43,0.9999313354492188,0.9999299144744873,0.9999330043792725,0.9999253749847412,0.9999343156814575
wide,1,True,1.53,0.9999309778213501,0.9999296760559082,0.9999327564239502,0.9999250173568726,0.9999340772628784
wide,1,True,1.63,0.999930739402771,0.9999293184280396,0.9999325275421143,0.9999247789382935,0.9999338388442993
wide,1,True,1.73,0.9999306201934814,0.9999290895462036,0.9999322891235352,0.9999246597290039,0.9999336004257202
wide,1,True,1.83,0.9999305009841919,0.9999288702011109,0.9999321699142456,0.9999247789382935,0.9999336004257202
wide,1,True,1.93,0.9999305605888367,0.9999288702011109,0.9999322700500488,0.999924898147583,0.9999337196350098
wide,1,True,2.03,0.999930739402771,0.9999290895462036,0.9999324893951416,0.9999252557754517,0.9999338388442993
wide,1,True,2.13,0.9999309778213501,0.9999294376373291,0.9999327373504638,0.9999257326126099,0.999934196472168
wide,1,True,2.23,0.9999314546585083,0.9999299049377441,0.9999331045150757,0.9999263286590576,0.9999346733093262
wide,1,True,2.33,0.999932050704956,0.9999303817749023,0.9999336004257202,0.9999270439147949,0.9999352693557739
wide,1,True,2.43,0.9999327659606934,0.9999308776855469,0.9999340772628784,0.9999278783798218,0.9999361038208008
wide,1,True,2.53,0.9999330639839172,0.9999312353134155,0.9999345445632934,0.9999284744262695,0.999936580657959
wide,1,True,2.63,0.9999335408210754,0.9999315929412842,0.9999351215362549,0.9999290704727173,0.9999370574951172
wide,1,True,2.73,0.9999341368675232,0.9999320793151856,0.9999355983734131,0.999929666519165,0.9999376535415649
wide,1,True,2.83,0.999934732913971,0.9999327850341797,0.999936203956604,0.9999302625656128,0.9999383687973022
wide,1,True,2.93,0.9999353289604187,0.9999336004257202,0.9999368095397949,0.9999308586120605,0.9999392032623291
wide,1,True,3.03,0.9999361038208008,0.9999343156814575,0.9999376440048218,0.9999315738677979,0.9999401569366455
wide,1,True,3.13,0.9999369382858276,0.9999351501464844,0.9999384784698486,0.9999324083328247,0.9999412298202515
wide,1,True,3.23,0.9999378323554993,0.9999361038208008,0.999939432144165,0.9999332427978516,0.9999423027038574
wide,1,True,3.33,0.9999388456344604,0.9999370670318604,0.9999405145645142,0.999934196472168,0.9999434947967529
wide,1,True,3.43,0.9999399185180664,0.9999380207061768,0.9999417066574097,0.9999352693557739,0.999944806098938
wide,1,True,3.53,0.9999409914016724,0.9999390840530396,0.9999428987503052,0.9999362230300903,0.999946117401123
wide,1,True,3.63,0.9999421834945679,0.9999399471282959,0.9999442005157471,0.9999372959136963,0.9999474287033081
wide,1,True,3.73,0.9999434947967529,0.999941029548645,0.9999455118179321,0.9999384880065918,0.9999487400054932
wide,1,True,3.83,0.9999448657035828,0.9999423503875733,0.9999469518661499,0.9999397993087769,0.9999500513076782
wide,1,True,3.93,0.9999462962150574,0.9999438810348511,0.9999483823776245,0.9999412298202515,0.9999514818191528
wide,1,True,4.03,0.999947726726532,0.9999453210830689,0.999949803352356,0.9999426603317261,0.9999527931213379
wide,1,True,4.13,0.9999490976333618,0.9999468612670899,0.9999512338638306,0.9999442100524902,0.9999542236328125
wide,1,True,4.23,0.9999505281448364,0.9999484014511109,0.9999527740478515,0.9999457597732544,0.9999556541442871
wide,1,True,4.33,0.9999520778656006,0.9999499320983887,0.9999542140960693,0.9999474287033081,0.9999570846557617
wide,1,True,4.43,0.9999529719352722,0.9999506664276123,0.9999550485610962,0.9999481439590454,0.999957799911499
wide,1,True,4.53,0.9999521374702454,0.9999499416351318,0.9999543237686157,0.9999473094940186,0.9999572038650513
wide,1,True,4.63,0.9999512434005737,0.999949107170105,0.9999536085128784,0.9999463558197021,0.999956488609314
wide,1,True,4.73,0.9999504089355469,0.999948263168335,0.9999527740478515,0.9999452829360962,0.9999557733535767
wide,1,True,4.83,0.9999496936798096,0.9999473094940186,0.9999519395828247,0.9999443292617798,0.9999550580978394
wide,1,True,4.93,0.9999487400054932,0.9999462461471558,0.9999511051177978,0.9999432563781738,0.999954342842102
wide,1,True,5.03,0.9999477863311768,0.999945182800293,0.999950270652771,0.9999421834945679,0.9999535083770752
wide,1,True,5.13,0.9999468326568604,0.9999441194534302,0.9999494361877441,0.9999409914016724,0.9999526739120483
wide,1,True,5.23,0.9999458193778992,0.9999430465698242,0.9999484825134277,0.9999397993087769,0.9999518394470215
wide,1,True,5.33,0.999944806098938,0.9999418640136719,0.9999475288391113,0.9999386072158813,0.9999510049819946
wide,2,False,1.43,0.9996780753135681,0.9996498346328735,0.9996991777420043,0.9996119141578674,0.9997246861457825
wide,2,False,1.53,0.9996798634529114,0.9996460628509521,0.9997015118598938,0.9996144771575928,0.9997283816337585
wide,2,False,1.63,0.9996790289878845,0.999645471572876,0.9997043490409852,0.9996144771575928,0.9997313618659973
wide,2,False,1.73,0.9996811151504517,0.999648232460022,0.9997068333625794,0.99960857629776,0.999731719493866
wide,2,False,1.83,0.9996814727783203,0.9996500015258789,0.9997009563446045,0.9996089339256287,0.9997283816337585
wide,2,False,1.93,0.99968022108078,0.9996500205993653,0.9996993446350098,0.9996095299720764,0.9997252821922302
wide,2,False,2.03,0.9996752738952637,0.9996485900878906,0.9996978187561035,0.9996092915534973,0.999722421169281
wide,2,False,2.13,0.9996711611747742,0.9996393346786498,0.9996949100494384,0.9996077418327332,0.9997202754020691
wide,2,False,2.23,0.9996647834777832,0.9996338939666748,0.9996896886825561,0.9996054768562317,0.9997205138206482
wide,2,False,2.33,0.9996547102928162,0.9996231031417847,0.9996818542480469,0.9995996356010437,0.9997264742851257
wide,2,False,2.43,0.9996451139450073,0.9996065211296081,0.9996734046936036,0.9995895028114319,0.9997280240058899
wide,2,False,2.53,0.9996404051780701,0.9995992350578308,0.9996708297729492,0.9995816349983215,0.9997307658195496
wide,2,False,2.63,0.9996359348297119,0.9995926785469055,0.9996677541732788,0.999572217464447,0.9997329115867615
wide,2,False,2.73,0.9996315240859985,0.9995861220359802,0.9996671104431152,0.9995627999305725,0.999734103679657
wide,2,False,2.83,0.9996258616447449,0.9995764327049256,0.9996674823760986,0.9995490908622742,0.9997346997261047
wide,2,False,2.93,0.999622106552124,0.9995676970481873,0.9996687793731689,0.9995362758636475,0.9997344613075256
wide,2,False,3.03,0.9996190071105957,0.9995593571662903,0.9996709060668946,0.9995255470275879,0.9997333884239197
wide,2,False,3.13,0.9996176362037659,0.9995541024208069,0.9996740150451661,0.9995137453079224,0.9997323155403137
wide,2,False,3.23,0.9996165037155151,0.999548795223236,0.9996758031845093,0.9995036125183105,0.9997310042381287
wide,2,False,3.33,0.9996152520179749,0.9995423889160157,0.9996767568588257,0.9994934797286987,0.9997294545173645
wide,2,False,3.43,0.9996166229248047,0.9995372152328491,0.999676742553711,0.9994854927062988,0.9997279047966003
wide,2,False,3.53,0.9996219277381897,0.9995376920700073,0.9996788167953491,0.9994828701019287,0.9997288584709167
wide,2,False,3.63,0.9996271133422852,0.9995391130447387,0.9996803569793701,0.9994809031486511,0.9997301697731018
wide,2,False,3.73,0.9996312856674194,0.999541392326355,0.9996813154220581,0.9994791150093079,0.9997318387031555
wide,2,False,3.83,0.9996355772018433,0.9995461106300354,0.9996824979782104,0.9994779229164124,0.9997336268424988
wide,2,False,3.93,0.9996384978294373,0.9995523524284363,0.9996849870681763,0.9994779229164124,0.999735414981842
wide,2,False,4.03,0.9996394515037537,0.999560010433197,0.9996842861175537,0.9994787573814392,0.9997372031211853
wide,2,False,4.13,0.9996407628059387,0.9995663189888,0.9996843814849854,0.9994799494743347,0.9997389912605286
wide,2,False,4.23,0.9996424913406372,0.9995695185661316,0.9996855115890503,0.9994823932647705,0.9997408986091614
wide,2,False,4.33,0.9996430277824402,0.9995742630958557,0.9996881055831909,0.9994884729385376,0.9997431635856628
wide,2,False,4.43,0.9996715784072876,0.999607903957367,0.99971524477005,0.9995336532592773,0.999767005443573
wide,2,False,4.53,0.9997530579566956,0.9996985816955566,0.9997903895378113,0.9996479749679565,0.9998461008071899
wide,2,False,4.63,0.9998248815536499,0.9997772955894471,0.9998835325241089,0.9997393488883972,0.9999117851257324
wide,2,False,4.73,0.9999050498008728,0.9998532104492187,0.999924201965332,0.9998117089271545,0.9999445676803589
wide,2,False,4.83,0.9999387860298157,0.9999162197113037,0.9999509906768799,0.9998956918716431,0.9999632835388184
wide,2,False,4.93,0.9999590516090393,0.999946231842041,0.9999663352966308,0.9999290704727173,0.9999746084213257
wide,2,False,5.03,0.9999717473983765,0.9999634790420532,0.9999766063690185,0.999954104423523,0.9999817609786987
wide,2,False,5.13,0.999980092048645,0.9999748945236206,0.9999830722808838,0.9999682903289795,0.9999862909317017
wide,2,False,5.23,0.9999853372573853,0.9999820280075074,0.9999872446060181,0.999977707862854,0.9999891519546509
wide,2,False,5.33,0.9999887943267822,0.9999865484237671,0.9999899864196777,0.9999836683273315,0.9999910593032837
wide,2,True,1.43,0.9999532103538513,0.9999489164352418,0.9999568367004394,0.9999421834945679,0.9999608993530273
wide,2,True,1.53,0.999954342842102,0.9999502182006836,0.999958028793335,0.9999433755874634,0.9999626874923706
wide,2,True,1.63,0.9999553561210632,0.9999509811401367,0.999958963394165,0.999944806098938,0.999963641166687
wide,2,True,1.73,0.9999566674232483,0.9999516201019287,0.9999599361419678,0.9999462366104126,0.9999639987945557
wide,2,True,1.83,0.9999579191207886,0.9999526834487915,0.9999610090255737,0.9999475479125977,0.9999648332595825
wide,2,True,1.93,0.9999589920043945,0.9999536371231079,0.9999623203277588,0.9999487400054932,0.9999661445617676
wide,2,True,2.03,0.9999598860740662,0.9999546098709107,0.9999636220932007,0.9999488592147827,0.999967098236084
wide,2,True,2.13,0.9999608397483826,0.9999556636810303,0.9999645853042602,0.9999496936798096,0.9999679327011108
wide,2,True,2.23,0.9999618530273438,0.9999566078186035,0.9999654102325439,0.9999508857727051,0.9999691247940063
wide,2,True,2.33,0.9999622702598572,0.9999573612213135,0.9999657869338989,0.9999517202377319,0.9999698400497437
wide,2,True,2.43,0.9999622106552124,0.9999572229385376,0.999965877532959,0.9999524354934692,0.9999699592590332
wide,2,True,2.53,0.9999626874923706,0.9999577188491822,0.999965877532959,0.9999529123306274,0.9999703168869019
wide,2,True,2.63,0.9999629259109497,0.9999583053588867,0.999966025352478,0.9999533891677856,0.9999707937240601
wide,2,True,2.73,0.9999632239341736,0.9999588918685913,0.9999663829803467,0.9999539852142334,0.9999711513519287
wide,2,True,2.83,0.999963641166687,0.9999594783782959,0.9999667406082153,0.9999544620513916,0.9999715089797974
wide,2,True,2.93,0.9999639987945557,0.9999599456787109,0.9999672079086304,0.9999549388885498,0.999971866607666
wide,2,True,3.03,0.9999642968177795,0.9999604225158691,0.9999674558639526,0.999955415725708,0.999971866607666
wide,2,True,3.13,0.9999645948410034,0.999960789680481,0.9999678039550781,0.9999557733535767,0.9999721050262451
wide,2,True,3.23,0.9999648928642273,0.9999609088897705,0.9999681520462036,0.9999560117721558,0.9999723434448242
wide,2,True,3.33,0.9999651908874512,0.9999611568450928,0.9999685001373291,0.9999561309814453,0.9999725818634033
wide,2,True,3.43,0.999965488910675,0.9999612855911255,0.9999688482284546,0.9999563694000244,0.9999728202819824
wide,2,True,3.53,0.9999659657478333,0.9999616527557373,0.9999693346023559,0.9999568462371826,0.9999731779098511
wide,2,True,3.63,0.9999665021896362,0.9999619007110596,0.9999699306488037,0.9999572038650513,0.9999736547470093
wide,2,True,3.73,0.9999668598175049,0.999962477684021,0.9999705171585083,0.9999575614929199,0.999974250793457
wide,2,True,3.83,0.9999673366546631,0.9999630451202393,0.999971113204956,0.9999579191207886,0.9999748468399048
wide,2,True,3.93,0.9999678134918213,0.9999635219573975,0.9999717092514038,0.9999583959579468,0.9999754428863525
wide,2,True,4.03,0.9999681711196899,0.9999638986587525,0.9999723148345947,0.9999589920043945,0.9999761581420898
wide,2,True,4.13,0.9999688267707825,0.9999645042419434,0.9999729108810425,0.9999598264694214,0.9999768733978271
wide,2,True,4.23,0.9999696016311646,0.9999653387069702,0.9999736261367798,0.9999607801437378,0.9999774694442749
wide,2,True,4.33,0.9999703168869019,0.9999662828445435,0.9999744606018066,0.999961256980896,0.9999781847000122
wide,2,True,4.43,0.9999732971191406,0.9999691343307495,0.9999772024154663,0.9999644756317139,0.9999806880950928
wide,2,True,4.53,0.9999809265136719,0.9999766445159912,0.9999838781356811,0.9999719858169556,0.9999861717224121
wide,2,True,4.63,0.9999864101409912,0.9999831008911133,0.9999885368347168,0.9999786615371704,0.999990701675415
wide,2,True,4.73,0.9999904036521912,0.9999889135360718,0.999991774559021,0.9999852180480957,0.9999932050704956
wide,2,True,4.83,0.9999929666519165,0.9999918937683105,0.9999939203262329,0.9999897480010986,0.9999948740005493
wide,2,True,4.93,0.9999946355819702,0.999993691444397,0.9999955797195434,0.9999922513961792,0.999996542930603
wide,2,True,5.03,0.9999963045120239,0.9999951219558716,0.999996771812439,0.999994158744812,0.9999971389770508
wide,2,True,5.13,0.9999970197677612,0.9999966621398926,0.9999972581863403,0.9999957084655762,0.999997615814209
wide,2,True,5.23,0.9999974966049194,0.9999972581863403,0.9999977350234985,0.9999967813491821,0.9999979734420776
wide,2,True,5.33,0.9999978542327881,0.999997615814209,0.9999979734420776,0.9999972581863403,0.9999980926513672
